{
  "stage": "M5_physics_informed_training",
  "run_name": "physics_ablation_lu_lt_B0018_54epochs",
  "battery_id": "B0018",
  "device": "cuda",
  "epochs": 54,
  "batch_size": 16,
  "standardize": true,
  "physics_enabled": true,
  "best_epoch": 40,
  "final_metrics": {
    "epoch": 54.0,
    "train_loss": -0.3776571167551953,
    "train_data_loss": 0.0031111066067672295,
    "train_structural_loss": 0.0,
    "train_temporal_loss": 0.000897132956078681,
    "train_monotonicity_loss": 0.021832511476848438,
    "train_verhulst_r": 0.013347476720809937,
    "train_verhulst_R": 1.3803897900288575e-06,
    "train_verhulst_K": 0.23169218003749847,
    "train_lambda_u": 1.2136868238449097,
    "train_lambda_t": 1.2127339839935303,
    "train_lambda_f": 1.0,
    "train_capacity_mae": 0.028271224187768024,
    "train_capacity_rmse": 0.0320428139317647,
    "train_capacity_mape": 1.7695660227332461,
    "train_capacity_r2": 0.9364851685278791,
    "train_soh_mae": 0.014135612093884012,
    "train_soh_rmse": 0.01602140696588235,
    "train_soh_mape": 1.7695660227332461,
    "train_soh_r2": 0.9364851685278791,
    "test_capacity_mae": 0.029518437385559083,
    "test_capacity_rmse": 0.03218043049332192,
    "test_capacity_mape": 2.1241121471580486,
    "test_capacity_r2": -0.33169266604272507,
    "test_soh_mae": 0.014759218692779541,
    "test_soh_rmse": 0.01609021524666096,
    "test_soh_mape": 2.1241121471580486,
    "test_soh_r2": -0.33169266604272507
  },
  "best_epoch_metrics": {
    "epoch": 40.0,
    "train_loss": -0.2825859888740208,
    "train_data_loss": 0.002979952568674217,
    "train_structural_loss": 0.0,
    "train_temporal_loss": 0.0008818159517629639,
    "train_monotonicity_loss": 0.01853342637743639,
    "train_verhulst_r": 0.012358002364635468,
    "train_verhulst_R": 1.270146185561316e-06,
    "train_verhulst_K": 0.21964684128761292,
    "train_lambda_u": 1.15715491771698,
    "train_lambda_t": 1.1563293933868408,
    "train_lambda_f": 1.0,
    "train_capacity_mae": 0.01633506495019664,
    "train_capacity_rmse": 0.0223335985122449,
    "train_capacity_mape": 0.9621502608866852,
    "train_capacity_r2": 0.969144594125894,
    "train_soh_mae": 0.00816753247509832,
    "train_soh_rmse": 0.01116679925612245,
    "train_soh_mape": 0.9621502608866852,
    "train_soh_r2": 0.969144594125894,
    "test_capacity_mae": 0.007272198796272278,
    "test_capacity_rmse": 0.009450490344774893,
    "test_capacity_mape": 0.5230763876956585,
    "test_capacity_r2": 0.8851505302783288,
    "test_soh_mae": 0.003636099398136139,
    "test_soh_rmse": 0.004725245172387447,
    "test_soh_mape": 0.5230763876956585,
    "test_soh_r2": 0.8851505302783288
  },
  "outputs": {
    "history": "results\\logs\\physics_ablation_lu_lt_B0018_54epochs_history.csv",
    "train_predictions": "results\\tables\\physics_ablation_lu_lt_B0018_54epochs_train_predictions.csv",
    "test_predictions": "results\\tables\\physics_ablation_lu_lt_B0018_54epochs_test_predictions.csv",
    "checkpoint": "models\\checkpoints\\physics_ablation_lu_lt_B0018_54epochs.pt",
    "best_train_predictions": "results\\tables\\physics_ablation_lu_lt_B0018_54epochs_best_train_predictions.csv",
    "best_test_predictions": "results\\tables\\physics_ablation_lu_lt_B0018_54epochs_best_test_predictions.csv",
    "best_checkpoint": "models\\checkpoints\\physics_ablation_lu_lt_B0018_54epochs_best.pt"
  },
  "physics": {
    "verhulst_r": 0.013347476720809937,
    "verhulst_R": 1.3803897900288575e-06,
    "verhulst_K": 0.23169218003749847,
    "lambda_u": 1.2136868238449097,
    "lambda_t": 1.2127339839935303,
    "lambda_f": 1.0,
    "time_mode": "raw",
    "data_loss_mode": "capacity_loss",
    "use_structural_loss": false,
    "use_temporal_loss": true,
    "monotonicity_weight": 0.0
  }
}