{
  "stage": "M5_physics_informed_training",
  "run_name": "physics_ablation_lu_lt_B0006_54epochs",
  "battery_id": "B0006",
  "device": "cuda",
  "epochs": 54,
  "batch_size": 16,
  "standardize": true,
  "physics_enabled": true,
  "best_epoch": 45,
  "final_metrics": {
    "epoch": 54.0,
    "train_loss": -0.49369123603543663,
    "train_data_loss": 0.0032225840159843112,
    "train_structural_loss": 0.0,
    "train_temporal_loss": 0.0010177291832295546,
    "train_monotonicity_loss": 0.020298714693794902,
    "train_verhulst_r": 0.014695138670504093,
    "train_verhulst_R": 1.5357810525529203e-06,
    "train_verhulst_K": 0.25272318720817566,
    "train_lambda_u": 1.287422776222229,
    "train_lambda_t": 1.286154866218567,
    "train_lambda_f": 1.0,
    "train_capacity_mae": 0.03305000729031033,
    "train_capacity_rmse": 0.03778265027998062,
    "train_capacity_mape": 1.9861479091096284,
    "train_capacity_r2": 0.9665862862754998,
    "train_soh_mae": 0.016525003645155165,
    "train_soh_rmse": 0.01889132513999031,
    "train_soh_mape": 1.9861479091096284,
    "train_soh_r2": 0.9665862862754998,
    "test_capacity_mae": 0.043854407235687856,
    "test_capacity_rmse": 0.05406052279528069,
    "test_capacity_mape": 3.572290262406326,
    "test_capacity_r2": 0.34131044274731326,
    "test_soh_mae": 0.021927203617843928,
    "test_soh_rmse": 0.027030261397640344,
    "test_soh_mape": 3.572290262406326,
    "test_soh_r2": 0.34131044274731326
  },
  "best_epoch_metrics": {
    "epoch": 45.0,
    "train_loss": -0.4165690126072647,
    "train_data_loss": 0.0027314847470539757,
    "train_structural_loss": 0.0,
    "train_temporal_loss": 0.0008146113448932666,
    "train_monotonicity_loss": 0.020319486403057717,
    "train_verhulst_r": 0.013754237443208694,
    "train_verhulst_R": 1.4304162050393643e-06,
    "train_verhulst_K": 0.24063052237033844,
    "train_lambda_u": 1.2381377220153809,
    "train_lambda_t": 1.2369568347930908,
    "train_lambda_f": 1.0,
    "train_capacity_mae": 0.039846231794764854,
    "train_capacity_rmse": 0.04404582674256135,
    "train_capacity_mape": 2.5286482606468907,
    "train_capacity_r2": 0.9545902152960686,
    "train_soh_mae": 0.019923115897382427,
    "train_soh_rmse": 0.022022913371280674,
    "train_soh_mape": 2.5286482606468907,
    "train_soh_r2": 0.9545902152960686,
    "test_capacity_mae": 0.02892152000876034,
    "test_capacity_rmse": 0.03339387526229409,
    "test_capacity_mape": 2.292291069481826,
    "test_capacity_r2": 0.7486644410290444,
    "test_soh_mae": 0.01446076000438017,
    "test_soh_rmse": 0.016696937631147046,
    "test_soh_mape": 2.292291069481826,
    "test_soh_r2": 0.7486644410290444
  },
  "outputs": {
    "history": "results\\logs\\physics_ablation_lu_lt_B0006_54epochs_history.csv",
    "train_predictions": "results\\tables\\physics_ablation_lu_lt_B0006_54epochs_train_predictions.csv",
    "test_predictions": "results\\tables\\physics_ablation_lu_lt_B0006_54epochs_test_predictions.csv",
    "checkpoint": "models\\checkpoints\\physics_ablation_lu_lt_B0006_54epochs.pt",
    "best_train_predictions": "results\\tables\\physics_ablation_lu_lt_B0006_54epochs_best_train_predictions.csv",
    "best_test_predictions": "results\\tables\\physics_ablation_lu_lt_B0006_54epochs_best_test_predictions.csv",
    "best_checkpoint": "models\\checkpoints\\physics_ablation_lu_lt_B0006_54epochs_best.pt"
  },
  "physics": {
    "verhulst_r": 0.014695138670504093,
    "verhulst_R": 1.5357810525529203e-06,
    "verhulst_K": 0.25272318720817566,
    "lambda_u": 1.287422776222229,
    "lambda_t": 1.286154866218567,
    "lambda_f": 1.0,
    "time_mode": "raw",
    "data_loss_mode": "capacity_loss",
    "use_structural_loss": false,
    "use_temporal_loss": true,
    "monotonicity_weight": 0.0
  }
}