{
  "stage": "M5_physics_informed_training",
  "run_name": "physics_ablation_lu_lf_B0005_54epochs",
  "battery_id": "B0005",
  "device": "cuda",
  "epochs": 54,
  "batch_size": 16,
  "standardize": true,
  "physics_enabled": true,
  "best_epoch": 10,
  "final_metrics": {
    "epoch": 54.0,
    "train_loss": -0.4944592365342328,
    "train_data_loss": 0.0029443252401856277,
    "train_structural_loss": 0.0007169584788014493,
    "train_temporal_loss": 0.0,
    "train_monotonicity_loss": 0.020319649042227328,
    "train_verhulst_r": 0.014571866020560265,
    "train_verhulst_R": 1.5357810525529203e-06,
    "train_verhulst_K": 0.23963113129138947,
    "train_lambda_u": 1.2874574661254883,
    "train_lambda_t": 1.0,
    "train_lambda_f": 1.2861522436141968,
    "train_capacity_mae": 0.023486246410598103,
    "train_capacity_rmse": 0.026686221517614753,
    "train_capacity_mape": 1.4693351714141447,
    "train_capacity_r2": 0.9636723380936143,
    "train_soh_mae": 0.011743123205299051,
    "train_soh_rmse": 0.013343110758807376,
    "train_soh_mape": 1.4693351714141447,
    "train_soh_r2": 0.9636723380936143,
    "test_capacity_mae": 0.04972343818814147,
    "test_capacity_rmse": 0.05019700475396606,
    "test_capacity_mape": 3.7024668007280064,
    "test_capacity_r2": -0.6043641200328305,
    "test_soh_mae": 0.024861719094070735,
    "test_soh_rmse": 0.02509850237698303,
    "test_soh_mape": 3.7024668007280064,
    "test_soh_r2": -0.6043641200328305
  },
  "best_epoch_metrics": {
    "epoch": 10.0,
    "train_loss": -0.08867566319357635,
    "train_data_loss": 0.004740313296484896,
    "train_structural_loss": 0.0006150529417439422,
    "train_temporal_loss": 0.0,
    "train_monotonicity_loss": 0.027879640587374695,
    "train_verhulst_r": 0.010563052259385586,
    "train_verhulst_R": 1.0832086445589084e-06,
    "train_verhulst_K": 0.2033841609954834,
    "train_lambda_u": 1.0516289472579956,
    "train_lambda_t": 1.0,
    "train_lambda_f": 1.0511821508407593,
    "train_capacity_mae": 0.02027624488895775,
    "train_capacity_rmse": 0.029271229713630907,
    "train_capacity_mape": 1.1517418722732586,
    "train_capacity_r2": 0.9562935825433998,
    "train_soh_mae": 0.010138122444478875,
    "train_soh_rmse": 0.014635614856815454,
    "train_soh_mape": 1.1517418722732586,
    "train_soh_r2": 0.9562935825433998,
    "test_capacity_mae": 0.006971373277551988,
    "test_capacity_rmse": 0.009117333181086954,
    "test_capacity_mape": 0.5133264112338836,
    "test_capacity_r2": 0.9470723044737165,
    "test_soh_mae": 0.003485686638775994,
    "test_soh_rmse": 0.004558666590543477,
    "test_soh_mape": 0.5133264112338836,
    "test_soh_r2": 0.9470723044737165
  },
  "outputs": {
    "history": "results\\logs\\physics_ablation_lu_lf_B0005_54epochs_history.csv",
    "train_predictions": "results\\tables\\physics_ablation_lu_lf_B0005_54epochs_train_predictions.csv",
    "test_predictions": "results\\tables\\physics_ablation_lu_lf_B0005_54epochs_test_predictions.csv",
    "checkpoint": "models\\checkpoints\\physics_ablation_lu_lf_B0005_54epochs.pt",
    "best_train_predictions": "results\\tables\\physics_ablation_lu_lf_B0005_54epochs_best_train_predictions.csv",
    "best_test_predictions": "results\\tables\\physics_ablation_lu_lf_B0005_54epochs_best_test_predictions.csv",
    "best_checkpoint": "models\\checkpoints\\physics_ablation_lu_lf_B0005_54epochs_best.pt"
  },
  "physics": {
    "verhulst_r": 0.014571866020560265,
    "verhulst_R": 1.5357810525529203e-06,
    "verhulst_K": 0.23963113129138947,
    "lambda_u": 1.2874574661254883,
    "lambda_t": 1.0,
    "lambda_f": 1.2861522436141968,
    "time_mode": "raw",
    "data_loss_mode": "capacity_loss",
    "use_structural_loss": true,
    "use_temporal_loss": false,
    "monotonicity_weight": 0.0
  }
}