{
  "stage": "M5_physics_informed_training",
  "run_name": "physics_ablation_lu_lf_B0007_54epochs",
  "battery_id": "B0007",
  "device": "cuda",
  "epochs": 54,
  "batch_size": 16,
  "standardize": true,
  "physics_enabled": true,
  "best_epoch": 37,
  "final_metrics": {
    "epoch": 54.0,
    "train_loss": -0.49468534446170187,
    "train_data_loss": 0.002676073230930373,
    "train_structural_loss": 0.0008048508649720981,
    "train_temporal_loss": 0.0,
    "train_monotonicity_loss": 0.02171070911945441,
    "train_verhulst_r": 0.014772914350032806,
    "train_verhulst_R": 1.5357810525529203e-06,
    "train_verhulst_K": 0.24553175270557404,
    "train_lambda_u": 1.2874360084533691,
    "train_lambda_t": 1.0,
    "train_lambda_f": 1.2861671447753906,
    "train_capacity_mae": 0.010991239140176365,
    "train_capacity_rmse": 0.01290884919078199,
    "train_capacity_mape": 0.649485156624266,
    "train_capacity_r2": 0.9890677093304852,
    "train_soh_mae": 0.005495619570088183,
    "train_soh_rmse": 0.006454424595390995,
    "train_soh_mape": 0.649485156624266,
    "train_soh_r2": 0.9890677093304852,
    "test_capacity_mae": 0.028713062697765874,
    "test_capacity_rmse": 0.029576584595324765,
    "test_capacity_mape": 1.9737943792236843,
    "test_capacity_r2": 0.32674659033532405,
    "test_soh_mae": 0.014356531348882937,
    "test_soh_rmse": 0.014788292297662382,
    "test_soh_mape": 1.9737943792236843,
    "test_soh_r2": 0.32674659033532405
  },
  "best_epoch_metrics": {
    "epoch": 37.0,
    "train_loss": -0.34654708474110335,
    "train_data_loss": 0.0022131282991419234,
    "train_structural_loss": 0.0003032664601175158,
    "train_temporal_loss": 0.0,
    "train_monotonicity_loss": 0.019185395322294317,
    "train_verhulst_r": 0.013008840382099152,
    "train_verhulst_R": 1.3426528084892198e-06,
    "train_verhulst_K": 0.22658532857894897,
    "train_lambda_u": 1.1947572231292725,
    "train_lambda_t": 1.0,
    "train_lambda_f": 1.1936982870101929,
    "train_capacity_mae": 0.009118423502669375,
    "train_capacity_rmse": 0.013313211390351852,
    "train_capacity_mape": 0.5119986042141363,
    "train_capacity_r2": 0.9883720870518296,
    "train_soh_mae": 0.004559211751334688,
    "train_soh_rmse": 0.006656605695175926,
    "train_soh_mape": 0.5119986042141363,
    "train_soh_r2": 0.9883720870518296,
    "test_capacity_mae": 0.005916882963741527,
    "test_capacity_rmse": 0.0076306592727563875,
    "test_capacity_mape": 0.4059170288374643,
    "test_capacity_r2": 0.9551867293528157,
    "test_soh_mae": 0.0029584414818707634,
    "test_soh_rmse": 0.0038153296363781937,
    "test_soh_mape": 0.4059170288374643,
    "test_soh_r2": 0.9551867293528157
  },
  "outputs": {
    "history": "results\\logs\\physics_ablation_lu_lf_B0007_54epochs_history.csv",
    "train_predictions": "results\\tables\\physics_ablation_lu_lf_B0007_54epochs_train_predictions.csv",
    "test_predictions": "results\\tables\\physics_ablation_lu_lf_B0007_54epochs_test_predictions.csv",
    "checkpoint": "models\\checkpoints\\physics_ablation_lu_lf_B0007_54epochs.pt",
    "best_train_predictions": "results\\tables\\physics_ablation_lu_lf_B0007_54epochs_best_train_predictions.csv",
    "best_test_predictions": "results\\tables\\physics_ablation_lu_lf_B0007_54epochs_best_test_predictions.csv",
    "best_checkpoint": "models\\checkpoints\\physics_ablation_lu_lf_B0007_54epochs_best.pt"
  },
  "physics": {
    "verhulst_r": 0.014772914350032806,
    "verhulst_R": 1.5357810525529203e-06,
    "verhulst_K": 0.24553175270557404,
    "lambda_u": 1.2874360084533691,
    "lambda_t": 1.0,
    "lambda_f": 1.2861671447753906,
    "time_mode": "raw",
    "data_loss_mode": "capacity_loss",
    "use_structural_loss": true,
    "use_temporal_loss": false,
    "monotonicity_weight": 0.0
  }
}