{
  "stage": "M5_physics_informed_training",
  "run_name": "physics_ablation_lu_lt_B0007_54epochs",
  "battery_id": "B0007",
  "device": "cuda",
  "epochs": 54,
  "batch_size": 16,
  "standardize": true,
  "physics_enabled": true,
  "best_epoch": 27,
  "final_metrics": {
    "epoch": 54.0,
    "train_loss": -0.49422775782071626,
    "train_data_loss": 0.0028382034208147954,
    "train_structural_loss": 0.0,
    "train_temporal_loss": 0.0010508421231903427,
    "train_monotonicity_loss": 0.02241528454499367,
    "train_verhulst_r": 0.014857286587357521,
    "train_verhulst_R": 1.5357810525529203e-06,
    "train_verhulst_K": 0.2603004276752472,
    "train_lambda_u": 1.2874810695648193,
    "train_lambda_t": 1.2862077951431274,
    "train_lambda_f": 1.0,
    "train_capacity_mae": 0.011055236188774435,
    "train_capacity_rmse": 0.014949704215348754,
    "train_capacity_mape": 0.6166013892798534,
    "train_capacity_r2": 0.9853377265032179,
    "train_soh_mae": 0.005527618094387217,
    "train_soh_rmse": 0.007474852107674377,
    "train_soh_mape": 0.6166013892798534,
    "train_soh_r2": 0.9853377265032179,
    "test_capacity_mae": 0.02264822464363248,
    "test_capacity_rmse": 0.024156673297816914,
    "test_capacity_mape": 1.5607891975763595,
    "test_capacity_r2": 0.550885817479343,
    "test_soh_mae": 0.01132411232181624,
    "test_soh_rmse": 0.012078336648908457,
    "test_soh_mape": 1.5607891975763595,
    "test_soh_r2": 0.550885817479343
  },
  "best_epoch_metrics": {
    "epoch": 27.0,
    "train_loss": -0.25434013105865216,
    "train_data_loss": 0.0021967942802569806,
    "train_structural_loss": 0.0,
    "train_temporal_loss": 0.0007521878858544648,
    "train_monotonicity_loss": 0.019835720778021038,
    "train_verhulst_r": 0.012146239168941975,
    "train_verhulst_R": 1.2402418860801845e-06,
    "train_verhulst_K": 0.22323057055473328,
    "train_lambda_u": 1.1411795616149902,
    "train_lambda_t": 1.1402733325958252,
    "train_lambda_f": 1.0,
    "train_capacity_mae": 0.036702235539754234,
    "train_capacity_rmse": 0.04676150664256723,
    "train_capacity_mape": 2.0260127841634326,
    "train_capacity_r2": 0.8565458531023132,
    "train_soh_mae": 0.018351117769877117,
    "train_soh_rmse": 0.023380753321283615,
    "train_soh_mape": 2.0260127841634326,
    "train_soh_r2": 0.8565458531023132,
    "test_capacity_mae": 0.005071226288290585,
    "test_capacity_rmse": 0.0066081638132600064,
    "test_capacity_mape": 0.34690950664745007,
    "test_capacity_r2": 0.966391887756167,
    "test_soh_mae": 0.0025356131441452924,
    "test_soh_rmse": 0.0033040819066300032,
    "test_soh_mape": 0.34690950664745007,
    "test_soh_r2": 0.966391887756167
  },
  "outputs": {
    "history": "results\\logs\\physics_ablation_lu_lt_B0007_54epochs_history.csv",
    "train_predictions": "results\\tables\\physics_ablation_lu_lt_B0007_54epochs_train_predictions.csv",
    "test_predictions": "results\\tables\\physics_ablation_lu_lt_B0007_54epochs_test_predictions.csv",
    "checkpoint": "models\\checkpoints\\physics_ablation_lu_lt_B0007_54epochs.pt",
    "best_train_predictions": "results\\tables\\physics_ablation_lu_lt_B0007_54epochs_best_train_predictions.csv",
    "best_test_predictions": "results\\tables\\physics_ablation_lu_lt_B0007_54epochs_best_test_predictions.csv",
    "best_checkpoint": "models\\checkpoints\\physics_ablation_lu_lt_B0007_54epochs_best.pt"
  },
  "physics": {
    "verhulst_r": 0.014857286587357521,
    "verhulst_R": 1.5357810525529203e-06,
    "verhulst_K": 0.2603004276752472,
    "lambda_u": 1.2874810695648193,
    "lambda_t": 1.2862077951431274,
    "lambda_f": 1.0,
    "time_mode": "raw",
    "data_loss_mode": "capacity_loss",
    "use_structural_loss": false,
    "use_temporal_loss": true,
    "monotonicity_weight": 0.0
  }
}