{
  "stage": "M5_physics_informed_training",
  "run_name": "physics_ablation_lu_lt_B0005_54epochs",
  "battery_id": "B0005",
  "device": "cuda",
  "epochs": 54,
  "batch_size": 16,
  "standardize": true,
  "physics_enabled": true,
  "best_epoch": 51,
  "final_metrics": {
    "epoch": 54.0,
    "train_loss": -0.4941769759369712,
    "train_data_loss": 0.0029875953546446613,
    "train_structural_loss": 0.0,
    "train_temporal_loss": 0.0009367244884675986,
    "train_monotonicity_loss": 0.020742740131850936,
    "train_verhulst_r": 0.01477748155593872,
    "train_verhulst_R": 1.5357810525529203e-06,
    "train_verhulst_K": 0.25702807307243347,
    "train_lambda_u": 1.2874811887741089,
    "train_lambda_t": 1.2862001657485962,
    "train_lambda_f": 1.0,
    "train_capacity_mae": 0.019679415939200636,
    "train_capacity_rmse": 0.02285926733790746,
    "train_capacity_mape": 1.2326587212486337,
    "train_capacity_r2": 0.9733444353288535,
    "train_soh_mae": 0.009839707969600318,
    "train_soh_rmse": 0.01142963366895373,
    "train_soh_mape": 1.2326587212486337,
    "train_soh_r2": 0.9733444353288535,
    "test_capacity_mae": 0.04620656312680712,
    "test_capacity_rmse": 0.04667941613403065,
    "test_capacity_mape": 3.440308693853675,
    "test_capacity_r2": -0.3873887355941943,
    "test_soh_mae": 0.02310328156340356,
    "test_soh_rmse": 0.023339708067015325,
    "test_soh_mape": 3.440308693853675,
    "test_soh_r2": -0.3873887355941943
  },
  "best_epoch_metrics": {
    "epoch": 51.0,
    "train_loss": -0.4673513843972459,
    "train_data_loss": 0.0042288745435066204,
    "train_structural_loss": 0.0,
    "train_temporal_loss": 0.0005484863236651474,
    "train_monotonicity_loss": 0.023056887918048434,
    "train_verhulst_r": 0.014455435797572136,
    "train_verhulst_R": 1.4998527149145957e-06,
    "train_verhulst_K": 0.2526528239250183,
    "train_lambda_u": 1.2710027694702148,
    "train_lambda_t": 1.26974356174469,
    "train_lambda_f": 1.0,
    "train_capacity_mae": 0.03907399503593771,
    "train_capacity_rmse": 0.04360195328181522,
    "train_capacity_mape": 2.2754858129106563,
    "train_capacity_r2": 0.903021566620685,
    "train_soh_mae": 0.019536997517968856,
    "train_soh_rmse": 0.02180097664090761,
    "train_soh_mape": 2.2754858129106563,
    "train_soh_r2": 0.903021566620685,
    "test_capacity_mae": 0.0043017396739884915,
    "test_capacity_rmse": 0.005405830124459582,
    "test_capacity_mape": 0.3192401484812376,
    "test_capacity_r2": 0.9813931814821018,
    "test_soh_mae": 0.0021508698369942457,
    "test_soh_rmse": 0.002702915062229791,
    "test_soh_mape": 0.3192401484812376,
    "test_soh_r2": 0.9813931814821018
  },
  "outputs": {
    "history": "results\\logs\\physics_ablation_lu_lt_B0005_54epochs_history.csv",
    "train_predictions": "results\\tables\\physics_ablation_lu_lt_B0005_54epochs_train_predictions.csv",
    "test_predictions": "results\\tables\\physics_ablation_lu_lt_B0005_54epochs_test_predictions.csv",
    "checkpoint": "models\\checkpoints\\physics_ablation_lu_lt_B0005_54epochs.pt",
    "best_train_predictions": "results\\tables\\physics_ablation_lu_lt_B0005_54epochs_best_train_predictions.csv",
    "best_test_predictions": "results\\tables\\physics_ablation_lu_lt_B0005_54epochs_best_test_predictions.csv",
    "best_checkpoint": "models\\checkpoints\\physics_ablation_lu_lt_B0005_54epochs_best.pt"
  },
  "physics": {
    "verhulst_r": 0.01477748155593872,
    "verhulst_R": 1.5357810525529203e-06,
    "verhulst_K": 0.25702807307243347,
    "lambda_u": 1.2874811887741089,
    "lambda_t": 1.2862001657485962,
    "lambda_f": 1.0,
    "time_mode": "raw",
    "data_loss_mode": "capacity_loss",
    "use_structural_loss": false,
    "use_temporal_loss": true,
    "monotonicity_weight": 0.0
  }
}