{
  "stage": "M5_physics_informed_training",
  "run_name": "physics_ablation_lu_lf_lt_B0005_54epochs",
  "battery_id": "B0005",
  "device": "cuda",
  "epochs": 54,
  "batch_size": 16,
  "standardize": true,
  "physics_enabled": true,
  "best_epoch": 31,
  "final_metrics": {
    "epoch": 54.0,
    "train_loss": -0.7422062724064558,
    "train_data_loss": 0.002945701615550579,
    "train_structural_loss": 0.0007679684875695698,
    "train_temporal_loss": 0.0009999558361176407,
    "train_monotonicity_loss": 0.021165283317239877,
    "train_verhulst_r": 0.014836668968200684,
    "train_verhulst_R": 1.5357810525529203e-06,
    "train_verhulst_K": 0.24067923426628113,
    "train_lambda_u": 1.2874705791473389,
    "train_lambda_t": 1.286181092262268,
    "train_lambda_f": 1.2861398458480835,
    "train_capacity_mae": 0.016079178223243125,
    "train_capacity_rmse": 0.020253417818905526,
    "train_capacity_mape": 0.9470165212294079,
    "train_capacity_r2": 0.9790752673505777,
    "train_soh_mae": 0.008039589111621562,
    "train_soh_rmse": 0.010126708909452763,
    "train_soh_mape": 0.9470165212294079,
    "train_soh_r2": 0.9790752673505777,
    "test_capacity_mae": 0.03544364957248464,
    "test_capacity_rmse": 0.036332076866195655,
    "test_capacity_mape": 2.6446104464587847,
    "test_capacity_r2": 0.15951922824242815,
    "test_soh_mae": 0.01772182478624232,
    "test_soh_rmse": 0.018166038433097827,
    "test_soh_mape": 2.6446104464587847,
    "test_soh_r2": 0.15951922824242815
  },
  "best_epoch_metrics": {
    "epoch": 31.0,
    "train_loss": -0.4365399240428566,
    "train_data_loss": 0.0028694542005467108,
    "train_structural_loss": 0.0006940584117596428,
    "train_temporal_loss": 0.0009437342661658671,
    "train_monotonicity_loss": 0.02038184712585221,
    "train_verhulst_r": 0.012505107559263706,
    "train_verhulst_R": 1.2802644278053776e-06,
    "train_verhulst_K": 0.21754512190818787,
    "train_lambda_u": 1.1625441312789917,
    "train_lambda_t": 1.1615467071533203,
    "train_lambda_f": 1.1615266799926758,
    "train_capacity_mae": 0.010490720088665303,
    "train_capacity_rmse": 0.015117134947584682,
    "train_capacity_mape": 0.6015900113644942,
    "train_capacity_r2": 0.988342585106362,
    "train_soh_mae": 0.005245360044332651,
    "train_soh_rmse": 0.007558567473792341,
    "train_soh_mape": 0.6015900113644942,
    "train_soh_r2": 0.988342585106362,
    "test_capacity_mae": 0.004958141083810844,
    "test_capacity_rmse": 0.0060467166100535855,
    "test_capacity_mape": 0.3698378302222798,
    "test_capacity_r2": 0.9767198076770618,
    "test_soh_mae": 0.002479070541905422,
    "test_soh_rmse": 0.0030233583050267927,
    "test_soh_mape": 0.3698378302222798,
    "test_soh_r2": 0.9767198076770618
  },
  "outputs": {
    "history": "results\\logs\\physics_ablation_lu_lf_lt_B0005_54epochs_history.csv",
    "train_predictions": "results\\tables\\physics_ablation_lu_lf_lt_B0005_54epochs_train_predictions.csv",
    "test_predictions": "results\\tables\\physics_ablation_lu_lf_lt_B0005_54epochs_test_predictions.csv",
    "checkpoint": "models\\checkpoints\\physics_ablation_lu_lf_lt_B0005_54epochs.pt",
    "best_train_predictions": "results\\tables\\physics_ablation_lu_lf_lt_B0005_54epochs_best_train_predictions.csv",
    "best_test_predictions": "results\\tables\\physics_ablation_lu_lf_lt_B0005_54epochs_best_test_predictions.csv",
    "best_checkpoint": "models\\checkpoints\\physics_ablation_lu_lf_lt_B0005_54epochs_best.pt"
  },
  "physics": {
    "verhulst_r": 0.014836668968200684,
    "verhulst_R": 1.5357810525529203e-06,
    "verhulst_K": 0.24067923426628113,
    "lambda_u": 1.2874705791473389,
    "lambda_t": 1.286181092262268,
    "lambda_f": 1.2861398458480835,
    "time_mode": "raw",
    "data_loss_mode": "capacity_loss",
    "use_structural_loss": true,
    "use_temporal_loss": true,
    "monotonicity_weight": 0.0
  }
}