{
  "stage": "M5_physics_informed_training",
  "run_name": "physics_ablation_lu_lf_B0018_54epochs",
  "battery_id": "B0018",
  "device": "cuda",
  "epochs": 54,
  "batch_size": 16,
  "standardize": true,
  "physics_enabled": true,
  "best_epoch": 52,
  "final_metrics": {
    "epoch": 54.0,
    "train_loss": -0.37783436930697895,
    "train_data_loss": 0.0029394042617438927,
    "train_structural_loss": 0.0008333867982677791,
    "train_temporal_loss": 0.0,
    "train_monotonicity_loss": 0.021517757245379944,
    "train_verhulst_r": 0.013537485152482986,
    "train_verhulst_R": 1.3803897900288575e-06,
    "train_verhulst_K": 0.2428349256515503,
    "train_lambda_u": 1.2136577367782593,
    "train_lambda_t": 1.0,
    "train_lambda_f": 1.2126312255859375,
    "train_capacity_mae": 0.026759608932163403,
    "train_capacity_rmse": 0.03070877757508604,
    "train_capacity_mape": 1.662354917172095,
    "train_capacity_r2": 0.9416636957646036,
    "train_soh_mae": 0.013379804466081701,
    "train_soh_rmse": 0.01535438878754302,
    "train_soh_mape": 1.662354917172095,
    "train_soh_r2": 0.9416636957646036,
    "test_capacity_mae": 0.018288403749465942,
    "test_capacity_rmse": 0.021519205166962357,
    "test_capacity_mape": 1.3140342081844396,
    "test_capacity_r2": 0.4045123468609436,
    "test_soh_mae": 0.009144201874732971,
    "test_soh_rmse": 0.010759602583481178,
    "test_soh_mape": 1.3140342081844396,
    "test_soh_r2": 0.4045123468609436
  },
  "best_epoch_metrics": {
    "epoch": 52.0,
    "train_loss": -0.3636629192725472,
    "train_data_loss": 0.004005978926611336,
    "train_structural_loss": 0.0004047576689829483,
    "train_temporal_loss": 0.0,
    "train_monotonicity_loss": 0.014195465725725111,
    "train_verhulst_r": 0.01338623184710741,
    "train_verhulst_R": 1.3640891438626568e-06,
    "train_verhulst_K": 0.24062654376029968,
    "train_lambda_u": 1.2055416107177734,
    "train_lambda_t": 1.0,
    "train_lambda_f": 1.2045279741287231,
    "train_capacity_mae": 0.028693186200183372,
    "train_capacity_rmse": 0.03970970083874061,
    "train_capacity_mape": 1.6619520004031183,
    "train_capacity_r2": 0.9024545346900232,
    "train_soh_mae": 0.014346593100091686,
    "train_soh_rmse": 0.019854850419370306,
    "train_soh_mape": 1.6619520004031183,
    "train_soh_r2": 0.9024545346900232,
    "test_capacity_mae": 0.007461130619049072,
    "test_capacity_rmse": 0.010054466416220516,
    "test_capacity_mape": 0.5368609842991051,
    "test_capacity_r2": 0.8700014930221226,
    "test_soh_mae": 0.003730565309524536,
    "test_soh_rmse": 0.005027233208110258,
    "test_soh_mape": 0.5368609842991051,
    "test_soh_r2": 0.8700014930221226
  },
  "outputs": {
    "history": "results\\logs\\physics_ablation_lu_lf_B0018_54epochs_history.csv",
    "train_predictions": "results\\tables\\physics_ablation_lu_lf_B0018_54epochs_train_predictions.csv",
    "test_predictions": "results\\tables\\physics_ablation_lu_lf_B0018_54epochs_test_predictions.csv",
    "checkpoint": "models\\checkpoints\\physics_ablation_lu_lf_B0018_54epochs.pt",
    "best_train_predictions": "results\\tables\\physics_ablation_lu_lf_B0018_54epochs_best_train_predictions.csv",
    "best_test_predictions": "results\\tables\\physics_ablation_lu_lf_B0018_54epochs_best_test_predictions.csv",
    "best_checkpoint": "models\\checkpoints\\physics_ablation_lu_lf_B0018_54epochs_best.pt"
  },
  "physics": {
    "verhulst_r": 0.013537485152482986,
    "verhulst_R": 1.3803897900288575e-06,
    "verhulst_K": 0.2428349256515503,
    "lambda_u": 1.2136577367782593,
    "lambda_t": 1.0,
    "lambda_f": 1.2126312255859375,
    "time_mode": "raw",
    "data_loss_mode": "capacity_loss",
    "use_structural_loss": true,
    "use_temporal_loss": false,
    "monotonicity_weight": 0.0
  }
}