{
  "stage": "M5_physics_informed_training",
  "run_name": "physics_ablation_lu_lf_lt_B0007_54epochs",
  "battery_id": "B0007",
  "device": "cuda",
  "epochs": 54,
  "batch_size": 16,
  "standardize": true,
  "physics_enabled": true,
  "best_epoch": 34,
  "final_metrics": {
    "epoch": 54.0,
    "train_loss": -0.74225590728287,
    "train_data_loss": 0.0027898246438330053,
    "train_structural_loss": 0.0008417982712555199,
    "train_temporal_loss": 0.0010757840541199516,
    "train_monotonicity_loss": 0.02252338304478898,
    "train_verhulst_r": 0.014885017648339272,
    "train_verhulst_R": 1.5357810525529203e-06,
    "train_verhulst_K": 0.24230192601680756,
    "train_lambda_u": 1.2874897718429565,
    "train_lambda_t": 1.2861922979354858,
    "train_lambda_f": 1.2861638069152832,
    "train_capacity_mae": 0.025436801788134452,
    "train_capacity_rmse": 0.029619410826298112,
    "train_capacity_mape": 1.4289065963340384,
    "train_capacity_r2": 0.9424442195832067,
    "train_soh_mae": 0.012718400894067226,
    "train_soh_rmse": 0.014809705413149056,
    "train_soh_mape": 1.4289065963340384,
    "train_soh_r2": 0.9424442195832067,
    "test_capacity_mae": 0.014386632863213034,
    "test_capacity_rmse": 0.016555620660402122,
    "test_capacity_mape": 0.9955845461257684,
    "test_capacity_r2": 0.7890529521830453,
    "test_soh_mae": 0.007193316431606517,
    "test_soh_rmse": 0.008277810330201061,
    "test_soh_mape": 0.9955845461257684,
    "test_soh_r2": 0.7890529521830453
  },
  "best_epoch_metrics": {
    "epoch": 34.0,
    "train_loss": -0.474311278671281,
    "train_data_loss": 0.003761633848532652,
    "train_structural_loss": 0.0013311947559098052,
    "train_temporal_loss": 0.00234198359329538,
    "train_monotonicity_loss": 0.027329212070530295,
    "train_verhulst_r": 0.012824704870581627,
    "train_verhulst_R": 1.311099936174287e-06,
    "train_verhulst_K": 0.22115078568458557,
    "train_lambda_u": 1.178632378578186,
    "train_lambda_t": 1.1776024103164673,
    "train_lambda_f": 1.1775858402252197,
    "train_capacity_mae": 0.013948812443985898,
    "train_capacity_rmse": 0.01867426990305815,
    "train_capacity_mape": 0.7768101921001067,
    "train_capacity_r2": 0.9771217195762025,
    "train_soh_mae": 0.006974406221992949,
    "train_soh_rmse": 0.009337134951529075,
    "train_soh_mape": 0.7768101921001067,
    "train_soh_r2": 0.9771217195762025,
    "test_capacity_mae": 0.005755494622623219,
    "test_capacity_rmse": 0.007285544267276182,
    "test_capacity_mape": 0.3952433355000659,
    "test_capacity_r2": 0.9591486398640008,
    "test_soh_mae": 0.0028777473113116097,
    "test_soh_rmse": 0.003642772133638091,
    "test_soh_mape": 0.3952433355000659,
    "test_soh_r2": 0.9591486398640008
  },
  "outputs": {
    "history": "results\\logs\\physics_ablation_lu_lf_lt_B0007_54epochs_history.csv",
    "train_predictions": "results\\tables\\physics_ablation_lu_lf_lt_B0007_54epochs_train_predictions.csv",
    "test_predictions": "results\\tables\\physics_ablation_lu_lf_lt_B0007_54epochs_test_predictions.csv",
    "checkpoint": "models\\checkpoints\\physics_ablation_lu_lf_lt_B0007_54epochs.pt",
    "best_train_predictions": "results\\tables\\physics_ablation_lu_lf_lt_B0007_54epochs_best_train_predictions.csv",
    "best_test_predictions": "results\\tables\\physics_ablation_lu_lf_lt_B0007_54epochs_best_test_predictions.csv",
    "best_checkpoint": "models\\checkpoints\\physics_ablation_lu_lf_lt_B0007_54epochs_best.pt"
  },
  "physics": {
    "verhulst_r": 0.014885017648339272,
    "verhulst_R": 1.5357810525529203e-06,
    "verhulst_K": 0.24230192601680756,
    "lambda_u": 1.2874897718429565,
    "lambda_t": 1.2861922979354858,
    "lambda_f": 1.2861638069152832,
    "time_mode": "raw",
    "data_loss_mode": "capacity_loss",
    "use_structural_loss": true,
    "use_temporal_loss": true,
    "monotonicity_weight": 0.0
  }
}