{
  "stage": "M5_physics_informed_training",
  "run_name": "physics_ablation_lu_lf_B0006_54epochs",
  "battery_id": "B0006",
  "device": "cuda",
  "epochs": 54,
  "batch_size": 16,
  "standardize": true,
  "physics_enabled": true,
  "best_epoch": 22,
  "final_metrics": {
    "epoch": 54.0,
    "train_loss": -0.493706197055996,
    "train_data_loss": 0.0033811722428370747,
    "train_structural_loss": 0.000822399769758626,
    "train_temporal_loss": 0.0,
    "train_monotonicity_loss": 0.020013603389772594,
    "train_verhulst_r": 0.014394065365195274,
    "train_verhulst_R": 1.5357810525529203e-06,
    "train_verhulst_K": 0.23568342626094818,
    "train_lambda_u": 1.2874070405960083,
    "train_lambda_t": 1.0,
    "train_lambda_f": 1.2861275672912598,
    "train_capacity_mae": 0.03276668654547797,
    "train_capacity_rmse": 0.03737857224822421,
    "train_capacity_mape": 2.0176249945619595,
    "train_capacity_r2": 0.967297170679044,
    "train_soh_mae": 0.016383343272738986,
    "train_soh_rmse": 0.018689286124112105,
    "train_soh_mape": 2.0176249945619595,
    "train_soh_r2": 0.967297170679044,
    "test_capacity_mae": 0.04041528000551112,
    "test_capacity_rmse": 0.0493168029097393,
    "test_capacity_mape": 3.2812524780331844,
    "test_capacity_r2": 0.45183648655931374,
    "test_soh_mae": 0.02020764000275556,
    "test_soh_rmse": 0.02465840145486965,
    "test_soh_mape": 3.2812524780331844,
    "test_soh_r2": 0.45183648655931374
  },
  "best_epoch_metrics": {
    "epoch": 22.0,
    "train_loss": -0.20628393460542727,
    "train_data_loss": 0.0030035046466554585,
    "train_structural_loss": 0.0008238998774546557,
    "train_temporal_loss": 0.0,
    "train_monotonicity_loss": 0.022330797126150537,
    "train_verhulst_r": 0.011410295031964779,
    "train_verhulst_R": 1.1919080407096772e-06,
    "train_verhulst_K": 0.20957687497138977,
    "train_lambda_u": 1.1145952939987183,
    "train_lambda_t": 1.0,
    "train_lambda_f": 1.113792896270752,
    "train_capacity_mae": 0.055271482875204496,
    "train_capacity_rmse": 0.059431688729704356,
    "train_capacity_mape": 3.3430546855014587,
    "train_capacity_r2": 0.9173246481080233,
    "train_soh_mae": 0.027635741437602248,
    "train_soh_rmse": 0.029715844364852178,
    "train_soh_mape": 3.3430546855014587,
    "train_soh_r2": 0.9173246481080233,
    "test_capacity_mae": 0.03204493662890266,
    "test_capacity_rmse": 0.03685910112629191,
    "test_capacity_mape": 2.5457664924694137,
    "test_capacity_r2": 0.6937967642443811,
    "test_soh_mae": 0.01602246831445133,
    "test_soh_rmse": 0.018429550563145956,
    "test_soh_mape": 2.5457664924694137,
    "test_soh_r2": 0.6937967642443811
  },
  "outputs": {
    "history": "results\\logs\\physics_ablation_lu_lf_B0006_54epochs_history.csv",
    "train_predictions": "results\\tables\\physics_ablation_lu_lf_B0006_54epochs_train_predictions.csv",
    "test_predictions": "results\\tables\\physics_ablation_lu_lf_B0006_54epochs_test_predictions.csv",
    "checkpoint": "models\\checkpoints\\physics_ablation_lu_lf_B0006_54epochs.pt",
    "best_train_predictions": "results\\tables\\physics_ablation_lu_lf_B0006_54epochs_best_train_predictions.csv",
    "best_test_predictions": "results\\tables\\physics_ablation_lu_lf_B0006_54epochs_best_test_predictions.csv",
    "best_checkpoint": "models\\checkpoints\\physics_ablation_lu_lf_B0006_54epochs_best.pt"
  },
  "physics": {
    "verhulst_r": 0.014394065365195274,
    "verhulst_R": 1.5357810525529203e-06,
    "verhulst_K": 0.23568342626094818,
    "lambda_u": 1.2874070405960083,
    "lambda_t": 1.0,
    "lambda_f": 1.2861275672912598,
    "time_mode": "raw",
    "data_loss_mode": "capacity_loss",
    "use_structural_loss": true,
    "use_temporal_loss": false,
    "monotonicity_weight": 0.0
  }
}