{
  "stage": "M5_physics_informed_training",
  "run_name": "physics_ablation_lu_lf_lt_B0018_54epochs",
  "battery_id": "B0018",
  "device": "cuda",
  "epochs": 54,
  "batch_size": 16,
  "standardize": true,
  "physics_enabled": true,
  "best_epoch": 40,
  "final_metrics": {
    "epoch": 54.0,
    "train_loss": -0.568005743234054,
    "train_data_loss": 0.0027029089143742685,
    "train_structural_loss": 0.000789588944905478,
    "train_temporal_loss": 0.0008444429081662194,
    "train_monotonicity_loss": 0.021241990282483723,
    "train_verhulst_r": 0.013142445124685764,
    "train_verhulst_R": 1.3803897900288575e-06,
    "train_verhulst_K": 0.21523483097553253,
    "train_lambda_u": 1.2136669158935547,
    "train_lambda_t": 1.2127182483673096,
    "train_lambda_f": 1.2126272916793823,
    "train_capacity_mae": 0.02594241499900818,
    "train_capacity_rmse": 0.029232531367768353,
    "train_capacity_mape": 1.6218373608253382,
    "train_capacity_r2": 0.9471376211284048,
    "train_soh_mae": 0.01297120749950409,
    "train_soh_rmse": 0.014616265683884177,
    "train_soh_mape": 1.6218373608253382,
    "train_soh_r2": 0.9471376211284048,
    "test_capacity_mae": 0.030756768584251405,
    "test_capacity_rmse": 0.03338502046703809,
    "test_capacity_mape": 2.2150578620525487,
    "test_capacity_r2": -0.43325545201862936,
    "test_soh_mae": 0.015378384292125702,
    "test_soh_rmse": 0.016692510233519045,
    "test_soh_mape": 2.2150578620525487,
    "test_soh_r2": -0.43325545201862936
  },
  "best_epoch_metrics": {
    "epoch": 40.0,
    "train_loss": -0.4253011371778405,
    "train_data_loss": 0.0027093288549424515,
    "train_structural_loss": 0.0006604761077577006,
    "train_temporal_loss": 0.0008062755881363283,
    "train_monotonicity_loss": 0.019140718018879063,
    "train_verhulst_r": 0.012202688492834568,
    "train_verhulst_R": 1.270146185561316e-06,
    "train_verhulst_K": 0.20784956216812134,
    "train_lambda_u": 1.1571398973464966,
    "train_lambda_t": 1.1563191413879395,
    "train_lambda_f": 1.1562488079071045,
    "train_capacity_mae": 0.019671598206395687,
    "train_capacity_rmse": 0.02814782215527777,
    "train_capacity_mape": 1.1524060343926918,
    "train_capacity_r2": 0.9509878841875941,
    "train_soh_mae": 0.009835799103197844,
    "train_soh_rmse": 0.014073911077638885,
    "train_soh_mape": 1.1524060343926918,
    "train_soh_r2": 0.9509878841875941,
    "test_capacity_mae": 0.01113070547580719,
    "test_capacity_rmse": 0.012599719567642652,
    "test_capacity_mape": 0.8026656108011818,
    "test_capacity_r2": 0.7958534395766645,
    "test_soh_mae": 0.005565352737903595,
    "test_soh_rmse": 0.006299859783821326,
    "test_soh_mape": 0.8026656108011818,
    "test_soh_r2": 0.7958534395766645
  },
  "outputs": {
    "history": "results\\logs\\physics_ablation_lu_lf_lt_B0018_54epochs_history.csv",
    "train_predictions": "results\\tables\\physics_ablation_lu_lf_lt_B0018_54epochs_train_predictions.csv",
    "test_predictions": "results\\tables\\physics_ablation_lu_lf_lt_B0018_54epochs_test_predictions.csv",
    "checkpoint": "models\\checkpoints\\physics_ablation_lu_lf_lt_B0018_54epochs.pt",
    "best_train_predictions": "results\\tables\\physics_ablation_lu_lf_lt_B0018_54epochs_best_train_predictions.csv",
    "best_test_predictions": "results\\tables\\physics_ablation_lu_lf_lt_B0018_54epochs_best_test_predictions.csv",
    "best_checkpoint": "models\\checkpoints\\physics_ablation_lu_lf_lt_B0018_54epochs_best.pt"
  },
  "physics": {
    "verhulst_r": 0.013142445124685764,
    "verhulst_R": 1.3803897900288575e-06,
    "verhulst_K": 0.21523483097553253,
    "lambda_u": 1.2136669158935547,
    "lambda_t": 1.2127182483673096,
    "lambda_f": 1.2126272916793823,
    "time_mode": "raw",
    "data_loss_mode": "capacity_loss",
    "use_structural_loss": true,
    "use_temporal_loss": true,
    "monotonicity_weight": 0.0
  }
}